rank,lookback_long,lookback_short,skip_most_recent,top_n_pct,rebalance_frequency,total_return_pct,ann_return_pct,ann_vol_pct,sharpe_ratio,sortino_ratio,max_drawdown_pct,calmar_ratio,win_rate_pct,profit_factor,n_trades,run_time_s
0,126,15,10,0.2,42,198.78,6.27,209.58,0.802,-0.002,-67.41,0.093,44.2,1.685,803,87.36
1,126,21,21,0.2,10,84.34,3.45,122.01,0.204,-0.107,-84.58,0.041,51.0,2.311,351,181.76
2,189,10,21,0.2,10,70.32,3.0,110.91,0.185,-0.131,-84.63,0.035,46.7,1.919,345,180.06
3,189,15,21,0.2,10,70.32,3.0,110.91,0.185,-0.131,-84.63,0.035,46.7,1.919,345,180.97
4,189,10,0,0.15,10,53.89,2.42,110.38,0.166,-0.169,-84.22,0.029,43.8,1.927,276,181.49
5,189,21,0,0.15,10,53.89,2.42,110.38,0.166,-0.169,-84.22,0.029,43.8,1.927,276,182.55
6,189,10,21,0.15,21,54.15,2.43,110.25,0.166,-0.17,-84.89,0.029,50.0,2.23,208,313.47
7,189,10,0,0.15,21,45.88,2.12,109.93,0.161,-0.185,-84.86,0.025,45.8,2.015,212,112.85
8,189,15,0,0.15,42,25.25,1.26,110.36,0.157,-0.216,-84.86,0.015,42.6,1.736,162,81.62
9,189,21,0,0.15,42,25.25,1.26,110.36,0.157,-0.216,-84.86,0.015,42.6,1.736,162,81.25
10,189,15,21,0.1,10,46.17,2.13,106.79,0.157,-0.19,-82.24,0.026,52.1,2.088,194,190.52
11,189,10,21,0.1,21,31.72,1.54,117.59,0.156,-0.219,-84.44,0.018,47.4,1.959,152,111.85
12,189,15,0,0.1,21,30.45,1.49,117.61,0.155,-0.225,-85.1,0.017,43.9,1.864,155,112.26
13,252,21,0,0.1,10,36.76,1.75,106.71,0.155,-0.202,-81.5,0.022,50.0,2.024,168,181.71
14,189,21,21,0.1,42,24.89,1.24,117.03,0.15,-0.247,-83.02,0.015,48.6,2.048,111,81.06
15,252,15,21,0.1,21,26.8,1.33,109.18,0.149,-0.232,-82.66,0.016,47.5,1.946,139,110.99
16,252,21,21,0.1,42,11.63,0.61,109.26,0.141,-0.27,-82.68,0.007,43.2,1.575,95,80.02
17,189,15,10,0.15,42,55.72,2.49,19.59,-0.114,-0.326,-37.94,0.066,52.1,2.903,146,81.49
18,189,21,10,0.15,42,55.72,2.49,19.59,-0.114,-0.326,-37.94,0.066,52.1,2.903,146,81.66
19,252,15,10,0.1,21,67.68,2.91,17.69,-0.119,-0.304,-24.79,0.117,65.5,4.199,116,112.29
20,126,15,10,0.2,10,55.1,2.47,10.21,-0.348,-0.596,-19.18,0.129,47.4,2.457,209,185.69
21,189,15,10,0.1,42,30.16,1.47,12.32,-0.348,-0.606,-25.48,0.058,51.1,2.601,92,81.54
22,126,15,0,0.15,10,56.78,2.53,9.46,-0.376,-0.632,-19.49,0.13,49.4,2.738,176,182.81
23,126,21,10,0.15,10,43.05,2.01,9.65,-0.42,-0.71,-19.47,0.103,45.5,2.288,176,181.72
24,126,10,10,0.15,10,43.05,2.01,9.65,-0.42,-0.71,-19.47,0.103,45.5,2.288,176,181.79
25,252,15,21,0.2,10,35.2,1.69,10.17,-0.424,-0.701,-19.98,0.085,49.2,1.842,177,182.6
26,189,15,10,0.2,10,39.74,1.88,9.2,-0.46,-0.766,-18.61,0.101,42.8,2.293,180,182.54
27,189,15,0,0.2,21,30.51,1.49,9.76,-0.466,-0.77,-18.55,0.08,44.3,1.868,167,113.96
28,126,15,0,0.1,10,43.28,2.02,8.67,-0.477,-0.796,-19.64,0.103,47.1,2.93,121,180.13
29,126,21,0,0.2,21,30.26,1.48,8.86,-0.524,-0.843,-18.54,0.08,42.1,1.894,171,113.03
30,252,15,21,0.15,21,27.43,1.35,8.96,-0.531,-0.856,-18.31,0.074,50.0,2.291,110,111.79
31,126,10,0,0.15,21,32.44,1.57,8.39,-0.548,-0.877,-18.51,0.085,43.6,2.13,140,112.48
32,126,10,10,0.1,21,33.5,1.62,8.15,-0.561,-0.934,-19.48,0.083,56.6,3.085,83,111.93
33,126,15,0,0.1,42,31.24,1.52,7.49,-0.63,-1.031,-17.38,0.088,50.0,4.094,60,85.36
34,126,21,21,0.1,21,17.42,0.9,7.83,-0.678,-1.079,-17.26,0.052,45.1,1.883,91,111.7
35,252,15,0,0.1,21,11.22,0.59,7.89,-0.711,-1.142,-22.65,0.026,54.8,2.396,42,111.76
36,189,10,0,0.2,42,3.42,0.19,8.36,-0.714,-1.143,-20.14,0.009,36.2,1.124,116,80.96
37,252,21,21,0.2,42,10.49,0.56,7.88,-0.716,-1.162,-19.88,0.028,39.8,1.473,93,80.71
38,252,15,21,0.2,42,10.49,0.56,7.88,-0.716,-1.162,-19.88,0.028,39.8,1.473,93,80.68
39,252,15,0,0.1,42,8.58,0.46,7.86,-0.731,-1.176,-22.65,0.02,51.6,2.305,31,80.31
40,252,10,0,0.1,42,8.58,0.46,7.86,-0.731,-1.176,-22.65,0.02,51.6,2.305,31,80.14
41,126,10,21,0.15,10,4.66,0.25,7.94,-0.744,-0.931,-21.21,0.012,44.0,1.076,193,182.22
42,252,10,10,0.2,10,6.92,0.37,7.35,-0.798,-1.258,-19.0,0.02,35.8,1.272,109,180.09
43,252,15,10,0.2,10,6.92,0.37,7.35,-0.798,-1.258,-19.0,0.02,35.8,1.272,109,179.92
44,252,15,0,0.15,10,9.04,0.48,7.1,-0.813,-1.269,-17.54,0.027,35.8,1.458,81,179.61
45,252,21,0,0.15,21,12.53,0.66,6.88,-0.816,-1.263,-19.53,0.034,43.2,1.802,74,111.33
46,252,15,0,0.2,42,10.66,0.56,6.83,-0.835,-1.288,-19.76,0.029,42.7,1.637,75,86.21
47,252,21,0,0.2,42,10.66,0.56,6.83,-0.835,-1.288,-19.76,0.029,42.7,1.637,75,81.33
48,126,10,10,0.1,10,2.26,0.12,6.94,-0.88,-0.993,-23.9,0.005,53.1,1.045,130,178.11
49,126,15,21,0.1,10,5.57,0.3,6.32,-0.946,-1.058,-21.54,0.014,48.9,1.107,135,175.08
